<?xml version="1.0" encoding="UTF-8"?>
<configuration>
  <appender name="fileout" class="ch.qos.logback.core.rolling.RollingFileAppender">
    <!--See also http://logback.qos.ch/manual/appenders.html#RollingFileAppender-->
    <File>${catalina.base}/logs/Dicom.log</File>
    <encoder>
      <pattern>%d{HH:mm:ss.SSS} [%5level,%logger{3}\(%line\) - %thread] %msg%n</pattern>
    </encoder>
    <rollingPolicy class="ch.qos.logback.core.rolling.FixedWindowRollingPolicy">
      <maxIndex>30</maxIndex>
      <FileNamePattern>${catalina.base}/logs/Dicom.log.%i</FileNamePattern>
    </rollingPolicy>
    <triggeringPolicy class="ch.qos.logback.core.rolling.SizeBasedTriggeringPolicy">
      <MaxFileSize>5120KB</MaxFileSize>
    </triggeringPolicy>
  </appender>
  <logger name="org.apache" level="INFO"/>
  <logger name="org.springframework" level="INFO"/>
  <logger name="com.idexx" level="INFO"/>
  <root level="INFO">
    <appender-ref ref="fileout"/>
  </root>
</configuration>