{
"api.version": "v1",
"sources": [
  {
    "automaticDateParsing": true,
    "sourceType": "LocalFile",
    "hostName": "aws-dicom-tc-ENV",
    "name": "dicom_catalina",
    "category": "ENV_dicom_tc_catalina",
    "pathExpression": "/opt/SumoCollector/tomcat_logs/catalina.out",
    "timeZone": "UTC",
    "forceTimeZone": true,
    "useAutolineMatching": true
  },
  {
    "automaticDateParsing": true,
    "sourceType": "LocalFile",
    "hostName": "aws-dicom-tc-ENV",
    "name": "dicom_log",
    "category": "ENV_dicom_tc_log",
    "pathExpression": "/opt/SumoCollector/tomcat_logs/Dicom.log",
    "timeZone": "UTC",
    "forceTimeZone": true,
    "useAutolineMatching": true
  }
]
}

